<?xml version="1.0" encoding="UTF-8"?>
<classpath>
	<classpathentry kind="src" path="src"/>
	<classpathentry kind="con" path="org.eclipse.jdt.launching.JRE_CONTAINER/org.eclipse.jdt.internal.debug.ui.launcher.StandardVMType/JavaSE-1.8"/>
	<classpathentry kind="lib" path="/Users/rasulm/eclipse-workspace/Z_SchoolProjects_PNT2/MyAutoProject/selenium-java-3.141.59/libs/byte-buddy-1.8.15.jar"/>
	<classpathentry kind="lib" path="/Users/rasulm/eclipse-workspace/Z_SchoolProjects_PNT2/MyAutoProject/selenium-java-3.141.59/libs/commons-exec-1.3.jar"/>
	<classpathentry kind="lib" path="/Users/rasulm/eclipse-workspace/Z_SchoolProjects_PNT2/MyAutoProject/selenium-java-3.141.59/libs/guava-25.0-jre.jar"/>
	<classpathentry kind="lib" path="/Users/rasulm/eclipse-workspace/Z_SchoolProjects_PNT2/MyAutoProject/selenium-java-3.141.59/libs/okhttp-3.11.0.jar"/>
	<classpathentry kind="lib" path="/Users/rasulm/eclipse-workspace/Z_SchoolProjects_PNT2/MyAutoProject/selenium-java-3.141.59/libs/okio-1.14.0.jar"/>
	<classpathentry kind="lib" path="/Users/rasulm/eclipse-workspace/Z_SchoolProjects_PNT2/MyAutoProject/selenium-java-3.141.59/client-combined-3.141.59-sources.jar"/>
	<classpathentry kind="lib" path="/Users/rasulm/eclipse-workspace/Z_SchoolProjects_PNT2/MyAutoProject/selenium-java-3.141.59/client-combined-3.141.59.jar"/>
	<classpathentry kind="con" path="org.testng.TESTNG_CONTAINER"/>
	<classpathentry kind="output" path="bin"/>
</classpath>
